anchor,positive,negative
baseball white jacket_0008,baseball white jacket_0010,business white jacket_0012
baseball white jacket_0014,baseball white jacket_0020,business white jacket_0028
baseball white jacket_0028,baseball white jacket_0025,business white jacket_0029
Bohemian brown dress_0002,Bohemian brown dress_0006,lolita brown dress_0006
Bohemian brown dress_0010,Bohemian brown dress_0019,lolita brown dress_0006
Bohemian white dress_0001,Bohemian white dress_0007,Chinese traditional red dress_0008
Bohemian white dress_0003,Bohemian white dress_0008,Chinese traditional red dress_0009
Bohemian white dress_0009,Bohemian white dress_0003,lolita white dress_0005
Bohemian white dress_0014,Bohemian white dress_0003,lolita white dress_0012
Bohemian white dress_0014,Bohemian white dress_0019,lolita white dress_0018
Bohemian white dress_0021,Bohemian white dress_0013,minimalist black pants_0008
Bohemian white dress_0025,Bohemian white dress_0018,minimalist white dress_0005
Bohemian white dress_0033,Bohemian white dress_0014,minimalist white dress_0013
Bohemian white dress_0040,Bohemian white dress_0048,minimalist white dress_0020
business blue jacket_0001,business blue jacket_0002,cyberpunk blue jacket_0001
business blue jacket_0002,business blue jacket_0005,cyberpunk blue jacket_0001
business blue jacket_0001,business blue jacket_0018,cyberpunk blue jacket_0003
business blue jacket_0010,business blue jacket_0015,cyberpunk blue jacket_0001
business blue jacket_0018,business blue jacket_0014,cyberpunk blue jacket_0003
business blue jacket_0021,business blue jacket_0022,cyberpunk blue jacket_0018
business blue jacket_0028,business blue jacket_0009,cyberpunk blue jacket_0018
business blue jacket_0025,business blue jacket_0030,cyberpunk blue jacket_0013
cyberpunk blue jacket_0013,cyberpunk blue jacket_0003,business blue jacket_0001
cyberpunk blue jacket_0007,cyberpunk blue jacket_0011,business blue jacket_0014
cyberpunk blue jacket_0007,cyberpunk blue jacket_0024,business blue jacket_0015
lolita red dress_0009,lolita red dress_0010,Bohemian red dress_0004
lolita red dress_0012,lolita red dress_0001,Bohemian red dress_0006
lolita red dress_0016,lolita red dress_0014,Bohemian red dress_0004
minimalist red dress_0007,minimalist red dress_0006,lolita red dress_0016
lolita red dress_0019,lolita red dress_0011,Bohemian red dress_0002
lolita red dress_0019,lolita red dress_0001,Bohemian red dress_0002
lolita white dress_0007,lolita white dress_0008,Bohemian white dress_0008
lolita white dress_0008,lolita white dress_0009,Bohemian white dress_0008
lolita white dress_0009,lolita white dress_0002,Bohemian white dress_0008
lolita white dress_0002,lolita white dress_0007,Bohemian white dress_0008
lolita white dress_0009,lolita white dress_0012,Bohemian white dress_0008
lolita white dress_0002,lolita white dress_0012,Bohemian white dress_0008
lolita white dress_0014,lolita white dress_0009,Bohemian white dress_0008
lolita white dress_0014,lolita white dress_0002,Bohemian white dress_0008
lolita white dress_0017,lolita white dress_0002,Bohemian white dress_0008
lolita white dress_0017,lolita white dress_0019,Bohemian white dress_0008
minimalist black pants_0002,minimalist black pants_0005,techwear black pants_0014
minimalist black pants_0008,minimalist black pants_0011,techwear black pants_0020
minimalist black pants_0009,minimalist black pants_0015,techwear black pants_0018
minimalist black pants_0018,minimalist black pants_0009,techwear black pants_0019
minimalist black pants_0017,minimalist black pants_0002,cyberpunk blue jacket_0016
minimalist black pants_0017,minimalist black pants_0005,techwear black pants_0002
lolita red dress_0015,lolita red dress_0007,Bohemian red dress_0006
minimalist red dress_0024,minimalist red dress_0014,lolita red dress_0019
minimalist red dress_0024,minimalist red dress_0028,lolita red dress_0019
minimalist red dress_0029,minimalist red dress_0018,lolita red dress_0019
minimalist white dress_0012,minimalist white dress_0010,Bohemian red dress_0017
minimalist white dress_0011,minimalist white dress_0003,Bohemian white dress_0004
minimalist white dress_0014,minimalist white dress_0016,baseball white jacket_0011
minimalist white dress_0018,minimalist white dress_0003,business white jacket_0027
minimalist white dress_0018,minimalist white dress_0011,lolita white dress_0016
minimalist white dress_0018,minimalist white dress_0020,lolita white dress_0017
techwear black pants_0001,techwear black pants_0002,minimalist black pants_0012
techwear black pants_0002,techwear black pants_0006,minimalist black pants_0012
techwear black pants_0016,techwear black pants_0019,minimalist black pants_0003
techwear black pants_0019,techwear black pants_0001,minimalist black pants_0003
techwear white jacket_0001,techwear white jacket_0011,business white jacket_0001
techwear white jacket_0007,techwear white jacket_0009,business white jacket_0002
techwear white jacket_0011,techwear white jacket_0013,business white jacket_0005
techwear white jacket_0019,techwear white jacket_0004,business white jacket_0006
techwear white jacket_0015,techwear white jacket_0014,business white jacket_0008
business white jacket_0003,business white jacket_0004,techwear white jacket_0002
business white jacket_0013,business white jacket_0007,techwear white jacket_0003
business white jacket_0016,business white jacket_0013,techwear white jacket_0008
business white jacket_0021,business white jacket_0023,techwear white jacket_0005
business white jacket_0021,business white jacket_0026,techwear white jacket_0006
business white jacket_0027,business white jacket_0019,techwear white jacket_0010
Chinese traditional red dress_0004,Chinese traditional red dress_0006,lolita red dress_0004
Chinese traditional red dress_0007,Chinese traditional red dress_0010,Bohemian red dress_0014
Chinese traditional red dress_0015,Chinese traditional red dress_0011,Bohemian red dress_0017
Chinese traditional red dress_0018,Chinese traditional red dress_0023,Bohemian red dress_0020
Chinese traditional red dress_0024,Chinese traditional red dress_0005,Bohemian red dress_0020
Chinese traditional red dress_0026,Chinese traditional red dress_0017,Bohemian red dress_0012
Chinese traditional red dress_0019,Chinese traditional red dress_0021,lolita red dress_0009
Chinese traditional red dress_0004,Chinese traditional red dress_0006,lolita red dress_0013



